{
  "Positif": {
    "precision": 0.8096446700507615,
    "recall": 0.8137755102040817,
    "f1-score": 0.811704834605598,
    "support": 392.0
  },
  "Netral": {
    "precision": 0.8683127572016461,
    "recall": 0.8210116731517509,
    "f1-score": 0.844,
    "support": 257.0
  },
  "Negatif": {
    "precision": 0.7296296296296296,
    "recall": 0.7635658914728682,
    "f1-score": 0.7462121212121212,
    "support": 258.0
  },
  "accuracy": 0.8015435501653804,
  "macro avg": {
    "precision": 0.8025290189606791,
    "recall": 0.7994510249429002,
    "f1-score": 0.800638985272573,
    "support": 907.0
  },
  "weighted avg": {
    "precision": 0.8035077549119801,
    "recall": 0.8015435501653804,
    "f1-score": 0.8022260445844781,
    "support": 907.0
  }
}