platform,Positif,Netral,Negatif
Shopee,63.45076060848679,5.3642914331465175,31.184947958366692
Tokopedia,42.16916228247673,20.032375556454877,37.79846216106839
